{"cameraMode":{"drawMode":0,"name":"Shaded","section":"Shading Mode"},"sceneLighting":true,"audioPlay":false,"sceneViewState":{"m_AlwaysRefresh":false,"showFog":true,"showSkybox":true,"showFlares":true,"showImageEffects":true,"showParticleSystems":true,"showVisualEffectGraphs":true,"m_FxEnabled":true},"in2DMode":false,"pivot":{"x":2.179769277572632,"y":2.4265336990356447,"z":15.095458030700684},"rotation":{"x":0.0031874580308794977,"y":-0.7060390710830689,"z":0.003176572499796748,"w":0.7081611752510071},"size":1.8153201341629029,"orthographic":true}