{"cameraMode":{"drawMode":0,"name":"Shaded","section":"Shading Mode"},"sceneLighting":false,"audioPlay":false,"sceneViewState":{"m_AlwaysRefresh":false,"showFog":false,"showSkybox":false,"showFlares":false,"showImageEffects":false,"showParticleSystems":false,"showVisualEffectGraphs":true,"m_FxEnabled":true},"in2DMode":false,"pivot":{"x":0.08562245965003967,"y":0.2862854301929474,"z":0.31314709782600405},"rotation":{"x":-0.06272364407777786,"y":0.6847437620162964,"z":-0.059279248118400577,"w":-0.7238782644271851},"size":0.32875102758407595,"orthographic":false}